# DB基础

mysql root password:`mysql`

## mysql

mysql是数据库管理系统。

### 下载安装

* 下载安装

* 配置环境变量

* 配置my.ini文件，并通过`mysqld --initialize-insecure`命令进行初始化，生成data目录。

  ```bash
  mysqld --initialize-insecure
  ```

* 通过service命令注册为windows服务，并通过netstart命令手动启动mysql服务。

* 连接到mysql数据库：

  * 连接到数据库：`mysql -uroot -p密码 -h服务器ip地址 -P端口号`

### 数据库基础

* 关系型数据库：以表的形式保存数据的数据库。

* 数据库：在data目录中，数据库与文件夹一一对应。

  `create database xxx`即在data目录中创建xxx目录。

* 表：与data中对应数据库文件夹中的`.frm`文件一一对应。

## Navicat

针对mysql和mariaDB的解决方案。

#### 逆向到表的模型

右键表，选择`逆向到表的模型`，图形化查看表的外键等关系。

## Structured Query Language

[MySQL :: MySQL 5.7 Reference Manual :: 13 SQL Statements](https://dev.mysql.com/doc/refman/5.7/en/sql-statements.html)

* 语句结束只认`;`，可以以单行或多行写。
* 关键字大小写不敏感，建议关键字使用大写。

* 注释：
  * 多行
  * 单行：`-- 注释内容，注意要有空格` `#注释内容`

* sql分类：
  * Data Definition Language：操作数据库、表
  * Data Manipulation Langugage：对表中的数据进行增删改
  * Data Query Language：对表中的数据进行查询
  * Data Control Language：对DB进行权限控制
* mysql自带数据库：
  * information_schema：视图，因此无对应实体文件夹。
  * mysql：存储权限等信息
  * performance_schema：性能相关
  * sys：系统信息

### DDL

​	data definition language.

* 数据库的创建：

  判断名称不存在时才创建，避免报错。

  ```sql
   create database if not exists db_demo2
  ```

* 查看当前用的哪个数据库：

  ```sql
   use db_demo2;
   select database();
  ```

* 查询表的结构信息：desc

  ```sql
  mysql> desc servers;
  +-------------+----------+------+-----+---------+-------+
  | Field       | Type     | Null | Key | Default | Extra |
  +-------------+----------+------+-----+---------+-------+
  | Server_name | char(64) | NO   | PRI |         |       |
  | Host        | char(64) | NO   |     |         |       |
  | Db          | char(64) | NO   |     |         |       |
  | Username    | char(64) | NO   |     |         |       |
  | Password    | char(64) | NO   |     |         |       |
  | Port        | int(4)   | NO   |     | 0       |       |
  | Socket      | char(64) | NO   |     |         |       |
  | Wrapper     | char(64) | NO   |     |         |       |
  | Owner       | char(64) | NO   |     |         |       |
  +-------------+----------+------+-----+---------+-------+
  9 rows in set (0.00 sec)
  
  ```

#### 表的创建

CREATE TABLE 表名(字段名称 数据类型,...);

```sql
mysql> create table tb_user(
    -> id int, #字段名称 数据类型
    -> username varchar(20), #最大长度为20个字符
    -> password varchar(32)
    -> );
    
mysql> desc tb_user;
+----------+-------------+------+-----+---------+-------+
| Field    | Type        | Null | Key | Default | Extra |
+----------+-------------+------+-----+---------+-------+
| id       | int(11)     | YES  |     | NULL    |       |
| username | varchar(20) | YES  |     | NULL    |       |
| password | varchar(32) | YES  |     | NULL    |       |
+----------+-------------+------+-----+---------+-------+
3 rows in set (0.00 sec)

mysql> create table student(
    -> id int,
    -> name varchar(10),
    -> gender char(1),
    -> birthday date,
    -> score double(5,2),
    -> email varchar(64),
    -> tel varchar(15),
    -> status tinyint);
Query OK, 0 rows affected (0.10 sec)
```

#### 表的删除和修改

`alter table 表名`关键字

删除

```sql
drop table if exists tb_user;
```

* 判断存在再进行删除，从而防止报错。

修改

##### 修改表名

rename to关键字。

`ALTER TABLE 表名 RENAME TO 新名称;`

```sql
mysql> show tables;
+--------------------+
| Tables_in_db_demo1 |
+--------------------+
| student            |
+--------------------+
1 row in set (0.00 sec)

mysql> ALTER TABLE student RENAME TO stu;
Query OK, 0 rows affected (0.16 sec)

mysql> show tables;
+--------------------+
| Tables_in_db_demo1 |
+--------------------+
| stu                |
+--------------------+
```

##### 增加列

add关键字

 ALTER TABLE 表名 ADD 新增字段名 新增字段数据类型;

```sql
ALTER TABLE stu ADD address varchar(50);
```

##### 修改列的数据类型

modify关键字。

 ALTER TABLE 表名 MODIFY 字段名 新数据类型;

```sql
 ALTER TABLE stu MODIFY address char(50);
```

##### 同时修改数据类型和列名

change关键字

 ALTER TABLE 表名 CHANGE 原字段名 新字段名 新数据类型;

```sql
 ALTER TABLE stu CHANGE address addr varchar(30);
```

##### 删除列

drop关键字。

ALTER TABLE 表名 DROP 列名;

```sql
ALTER TABLE stu DROP addr;
```

### DML

Data manipulation language.

#### 添加

1. 给指定列添加数据

   `INSERT INTO 表名(列名1，列名2...) VALUES (值1，值2...),(值1，值2...)...;`

2. 给所有列添加数据

   给所有列添加可以省略列名，但实际开发时不建议省略。

   `INSERT INTO 表名 VALUES(值1，值2...),(值1，值2...)..;`

```sql
INSERT INTO stu ( id, `name`, gender, birthday, score, email )
VALUES
	( 2, "李四", "男", "2000-1-1", 90.22, "lisi@qq.com" );s
```

#### 修改

`UPDATE 表名 SET 列名1=值1, 列名2=值2,...[WHERE 条件];`

```sql
UPDATE stu SET gender='女',score="99.99",birthday="2000-2-2" WHERE `name`='张三';
```

注意：如果UPDATE语句没有WHERE条件，会将表中所有行的数据都更改。

#### 删除

`DELETE FROM 表名 [WHERE 条件]`

```sql
DELETE FROM stu WHERE `name`="李四";
```

注意：如果DELETE语句没有WHERE条件，会将表中所有行的数据都删除。

### DQL

data query language.

```sql
SELECT
	字段列表
FROM
	表名列表
WHERE
	条件列表
GROUP BY
	分组字段
HAVING
	分组后条件
ORDER BY
	排序字段
LIMIT
	分页限定
```

#### 基础查询

```sql
-- 查询name、age两列
SELECT `name`,age FROM stu;
-- 查询所有列，用*。 但在实际开发中不要使用。
SELECT * FROM stu;
-- 查询地址
SELECT address FROM stu;
-- 查询地址,去除重复记录
SELECT DISTINCT address FROM stu;
-- as关键字，起别名
SELECT `name` AS 姓名,math AS 数学成绩,english AS 英语成绩 FROM stu;
-- as可省略，用空格分隔
SELECT `name` 姓名,math 数学成绩,english 英语成绩 FROM stu;
```

#### 条件查询

where

like模糊查询

```sql
SELECT * FROM `stu`;

-- && 与 AND 等价
SELECT * FROM stu WHERE age>=20 && age <= 30;
SELECT * FROM stu WHERE age>=20 AND age <= 30;
SELECT * FROM stu WHERE age BETWEEN 20 AND 30;

-- 日期也可以直接进行比较
SELECT * FROM stu WHERE hire_date BETWEEN '1998-9-1' AND '1999-9-1';
SELECT * FROM stu WHERE hire_date >= '1998-9-1' AND hire_date <= '1999-9-1';

-- `=`直接表示判断相等
SELECT * FROM stu WHERE age=18;
-- `!=`和`<>`都表示不等
SELECT * FROM stu WHERE age!=18;
SELECT * FROM stu WHERE age<>18;

-- or 和 || 均表示或
SELECT * FROM stu WHERE age=18 or age=20 or age=22;
SELECT * FROM stu WHERE age=18 || age=20 || age=22;
-- in 表示在某个范围中
SELECT * FROM stu WHERE age IN (18,20,22);

-- 注意，null不能用=和<>来比较，必须使用is和is not
SELECT * FROM stu WHERE english IS NULL;


-- 模糊查询,LIKE关键字
-- 通配符:_表示单个字符，%表示任意个字符（可以是0个）。
-- 姓`马`的
SELECT * FROM stu WHERE `name` LIKE '马%';
-- 第二个字是`花`的
SELECT * FROM stu WHERE `name` LIKE '_花%';
-- 包含`德`字的
SELECT * FROM stu WHERE `name` LIKE '%德%';
```

#### 排序查询

order by

* 排序方式：
  * ASC：ascend，升序，默认
  * DESC：descend，降序
* 多个条件排序：第一个一样时，才会按照第二个条件进行排序。

```sql
-- 按年龄升序
SELECT * FROM stu ORDER BY age;
-- 按数学成绩降序
SELECT * FROM stu ORDER BY math DESC;

-- 按数学成绩降序,如果数学成绩一样，按英语成绩升序
SELECT * FROM stu ORDER BY math DESC, english ASC;
```

#### 分组查询

##### 聚合函数

`SELECT 聚合函数名(列名) FROM 表名;`

聚合函数用于将列作为整体，在列上进行纵向的计算。

* 5个聚合函数：

  * count: 数量，不会统计为null的数据，因此应选择不会为null的列，比如id。

  推荐：primary key 或 `*`;

  * max
  * min
  * sum
  * avg: 平均值

* null不参与所有聚合函数的运算。

##### 分组查询

group by

`SELECT 字段列表 FROM 表名 [WHERE 分组前条件筛选] GROUP BY 分组字段名 [HAVING 分组后条件过滤]`

* 使用分组查询时，select后的查询字段列表只应包含**聚合函数**或**分组字段**，查询其他字段无意义。
* where与having：
  * 执行时机：where分组前进行限定，不满足条件的不参与分组。having在分组后对结果进行过滤。
  * 先执行where，再执行聚合函数，最后执行having。
  * 因此where不能对聚合函数结果进行判断，having可以。

#### 分页查询

limit关键字

`SELECT 字段列表 FROM 表名 LIMIT 起始索引, 查询条目数`

* 起始索引 = （当前页码 - 1） * 每页显示条数

```sql
-- 1. 从0开始查询，查询3条数据
SELECT * FROM stu LIMIT 0 ,3;
-- 2. 每页显示3条数据，查询第1页数据
SELECT * FROM stu LIMIT 0,3;
-- 3. 每页显示3条数据，查询第2页数据
SELECT * FROM stu LIMIT 3,3;
-- 4. 每页显示3条数据，查询第3页数据
SELECT * FROM stu LIMIT 6,3;
-- 起始索引 = （当前页码 - 1） * 每页显示条数
```

* 分页查询limit是mysql的方言
  * oracle分页用rownumber
  * sql server分页用top

### 数据类型

* 数值类型

  * 小数类型可以加括号，以`(总长度，小数点后保留位数)`的形式指定精度。

    `score double(5,2)`字段名称score， 三位数，小数点后2位，总共5位。

* 日期和时间类型

  插入数据时，日期类型也用字符串表示。

* 字符串类型

  用单引号和双引号都可以。

  * 定长字符串：char `name char(10)`指定最大长度10，无论name实际长度为多少，都占据10个字符存储空间。

    存储性能高，浪费空间。

  * 变长字符串：varchar `name varchar(10)`指定最大长度10，根据name实际长度决定占据的空间。

    存储性能低，节省空间。

## 约束

* 约束是作用于表中**列**上的规则，用于限制加入的数据，以保证数据的正确性、有效性、完整性。

* 约束的分类：

  * not null：非空约束，列中所有数据不能为null。
  * unique：唯一约束，列中所有数据不能相同
  * primary key：主键约束，一行数据的唯一标识，要求非空且唯一。
  * check：检查约束，要求列中的值满足某一条件。 mysql不支持check约束。
  * default：默认约束，未指定数据则采用默认值。
  * foreign key：外键约束，用来让2个表之间建立连接，保证数据的一致性和完整性。

* auto_increment：用于数字类型，且具有唯一约束（unique或primary key）的列，自动增长。

  不指定该值，或值为null，都会自动增长。

* 约束除了可以在建表时添加，还可以在建表后通过alter关键字添加。

  添加非空约束：`ALTER TABLE 表名 MODIFY 字段名 数据类型 NOT NULL`

  删除非空约束：`ALTER TABLE 表名 MODIFY 字段名 数据类型`

```sql
DROP TABLE employee;
CREATE TABLE employee(
	id INT PRIMARY KEY AUTO_INCREMENT, -- 员工id
	ename VARCHAR(50) NOT NULL UNIQUE, -- 员工姓名，非空且唯一
	joindate DATE NOT NULL, -- 入职日期
	salary DOUBLE(7,2) NOT NULL, -- 工资 非空
	bonus DOUBLE(7,2) DEFAULT 0 -- 奖金，默认为0
);

INSERT INTO employee(id,ename,joindate,salary,bonus) values(1,'张三','1999-11-11',8800,5000);

SELECT * FROM employee;

INSERT INTO employee(ename,joindate,salary,bonus) values('李四','1999-11-11',8800,5000);
INSERT INTO employee(id,ename,joindate,salary,bonus) values(null,'王五','1999-11-11',8800,5000);

```

#### 外键约束

constraint foreign key

* 创建表时添加：

  `[CONSTRAINT 外键名称] FOREIGN KEY(外键列名) REFERENCES 主表(主表列名);`

* 建表之后添加：

  `ALTER TABLE 表名 ADD CONSTRAINT 外键名称 FOREIGN KEY (外键字段名称) REFERENCES 主表名称(主表列名称);`

  删除外键：

  `ALTER TABLE 表名 DROP FOREIGN KEY 外键名称;`

* 在从表上添加外键，添加时主表必须已经建立（先创建主表，再创建从表）。

* 添加数据时，也需要先添加主表数据，再添加从表数据。

